<?xml version="1.0" encoding="UTF-8"?>
<!-- <beans xmlns="http://www.springframework.org/schema/beans" xmlns:xsi="http://www.w3.org/2001/XMLSchema-instance" 
	xmlns:aop="http://www.springframework.org/schema/aop" xmlns:mvc="http://www.springframework.org/schema/mvc" 
	xmlns:context="http://www.springframework.org/schema/context" xsi:schemaLocation="http://www.springframework.org/schema/beans 
	http://www.springframework.org/schema/beans/spring-beans-3.0.xsd http://www.springframework.org/schema/context 
	http://www.springframework.org/schema/context/spring-context.xsd http://www.springframework.org/schema/aop 
	http://www.springframework.org/schema/aop/spring-aop-3.0.xsd http://www.springframework.org/schema/mvc 
	http://www.springframework.org/schema/mvc/spring-mvc-4.0.xsd"> -->

<beans xmlns="http://www.springframework.org/schema/beans"
	xmlns:xsi="http://www.w3.org/2001/XMLSchema-instance" xmlns:aop="http://www.springframework.org/schema/aop"
	xmlns:mvc="http://www.springframework.org/schema/mvc" xmlns:context="http://www.springframework.org/schema/context"
	xmlns:tx="http://www.springframework.org/schema/tx"
	xsi:schemaLocation="http://www.springframework.org/schema/beans
      http://www.springframework.org/schema/beans/spring-beans.xsd
      http://www.springframework.org/schema/context
      http://www.springframework.org/schema/context/spring-context.xsd
      http://www.springframework.org/schema/mvc
      http://www.springframework.org/schema/mvc/spring-mvc.xsd
      http://www.springframework.org/schema/aop
	  http://www.springframework.org/schema/aop/spring-aop.xsd
	  http://www.springframework.org/schema/tx 
	  http://www.springframework.org/schema/tx/spring-tx-4.3.xsd">

					<!-- Components Scan List -->
	<context:component-scan base-package="com.spring.web.controller" />
	<context:component-scan base-package="com.spring.web.dao" />
	<context:component-scan base-package="com.spring.web.model" />
	<context:component-scan base-package="com.spring.web.services" />
	<context:component-scan base-package="com.spring.web.commons" />
	<context:component-scan base-package="com.spring.web.securities" />
	
	
						<!-- Database Configuration -->
	<bean id="dataSource" class="org.springframework.jdbc.datasource.DriverManagerDataSource">
		<property name="driverClassName" value="org.postgresql.Driver"/>
        <property name="url" value="jdbc:postgresql://localhost:5432/Fitness365"/>
        <property name="username" value="sa"/>
        <property name="password" value="user"/>
	</bean>

					<!-- Properties file List -->
	<context:property-placeholder location="classpath:pages.properties" />

					<!-- Hibernate Session Factory Configuration -->
	<bean id="sessionFactory" class="org.springframework.orm.hibernate5.LocalSessionFactoryBean">
		<property name="dataSource" ref="dataSource"/>
		<!-- <property name="configLocation" value="classpath:hibernate.cfg.xml"/> -->
		<!-- <property name="configurationClass" value="org.hibernate.cfg.AnnotationConfiguration"/> -->
		<property name="packagesToScan" value="com.spring.web.model"/>
		<property name="hibernateProperties">
			<props>
				<prop key="hibernate.dialect">org.hibernate.dialect.PostgreSQL95Dialect</prop>
				<prop key="hibernate.show_sql">true</prop>
				<prop key="hibernate.hbm2ddl.auto">update</prop>
				<prop key="hibernate.default_schema">"FITNESS_OWNER"</prop>
			</props>
		</property>				
	</bean>
	
	<!-- Annotation Configuration -->
	<mvc:annotation-driven />
	<!-- <tx:annotation-driven transaction-manager="hibernateTransactionManager"/> -->

					<!-- Resources Mapping -->
	<mvc:resources mapping="css/**" location="/WEB-INF/views/css/" />
	<mvc:resources mapping="js/**" location="/WEB-INF/views/views/js/" />
	<mvc:resources mapping="images/**" location="/WEB-INF/views/images/" />

					<!-- View Resolver -->
	<bean
		class="org.springframework.web.servlet.view.InternalResourceViewResolver">
		<property name="prefix" value="/WEB-INF/views/" />
		<property name="suffix" value=".jsp" />
	</bean>

					<!-- Bean Configurations -->
	<bean id="login" class="com.spring.web.model.Login" scope="prototype" />
	<bean id="userdao" class="com.spring.web.dao.UserDaoImpl"/>
	<bean id="encryptor" class="com.spring.web.securities.EncryptionDecryptionAES"/>
	<!-- <bean id="hibernateTransactionManager" class="org.springframework.orm.hibernate5.HibernateTransactionManager">
    	<property name="entityInterceptor" ref="userdao" />
	</bean> -->
	


					<!-- Pages Configuration -->
	<bean id="mavLogin" class="org.springframework.web.servlet.ModelAndView">
		<constructor-arg type="java.lang.String" value="loginPage" />
	</bean>

	<bean id="mavDashboard" class="org.springframework.web.servlet.ModelAndView">
		<constructor-arg type="java.lang.String" value="dashboardPage" />
	</bean>

	<bean id="mavLoginError" class="org.springframework.web.servlet.ModelAndView">
		<constructor-arg type="java.lang.String" value="loginPage" />
	</bean>
	
	<bean id="mavforgotPassword" class="org.springframework.web.servlet.ModelAndView">
		<constructor-arg type="java.lang.String" value="forgotPassword" />
	</bean>

	<bean id="mavUserCreation" class="org.springframework.web.servlet.ModelAndView">
		<constructor-arg type="java.lang.String" value="userCreation" />
	</bean>
	
	<bean id="mavUserInformation" class="org.springframework.web.servlet.ModelAndView">
		<constructor-arg type="java.lang.String" value="userInformation" />
	</bean>

</beans>	